{
    "0": {
        "precision": 0.4090909090909091,
        "recall": 0.05056179775280899,
        "f1-score": 0.09,
        "support": 178
    },
    "1": {
        "precision": 0.827021494370522,
        "recall": 0.9841656516443362,
        "f1-score": 0.8987764182424915,
        "support": 821
    },
    "accuracy": 0.8178178178178178,
    "macro avg": {
        "precision": 0.6180562017307155,
        "recall": 0.5173637246985726,
        "f1-score": 0.49438820912124576,
        "support": 999
    },
    "weighted avg": {
        "precision": 0.7525553840804609,
        "recall": 0.8178178178178178,
        "f1-score": 0.7546701094865722,
        "support": 999
    }
}